random_full_name,random_first_name,random_last_name,gender,name_used
Zachary Perry,Zachary,Perry,M,True
Young Walton,Young,Walton,M,True
Willie Hampton,Willie,Hampton,M,True
Will Proctor,Will,Proctor,M,True
Wendell Daniels,Wendell,Daniels,M,True
Wendell Barber,Wendell,Barber,M,True
Walter Kemp,Walter,Kemp,M,True
Wallace Woodard,Wallace,Woodard,M,True
Wallace Goldberg,Wallace,Goldberg,M,True
Wallace Braun,Wallace,Braun,M,True
Wade Perkins,Wade,Perkins,M,True
Wade Haley,Wade,Haley,M,True
Virgil Carlson,Virgil,Carlson,M,True
Vince Williams,Vince,Williams,M,True
Veronica Kirkpatrick,Veronica,Kirkpatrick,F,True
Velma Whitehead,Velma,Whitehead,F,True
Tyrone Lester,Tyrone,Lester,M,True
Tyler Obrien,Tyler,Obrien,M,True
Tyler McIntyre,Tyler,McIntyre,M,True
Tricia Koch,Tricia,Koch,F,True
Travis Hart,Travis,Hart,M,True
Tony Wallace,Tony,Wallace,M,True
Tony Lynch,Tony,Lynch,M,True
Tommy Newell,Tommy,Newell,M,True
Tomas Bennett,Tomas,Bennett,M,True
Tom Newell,Tom,Newell,M,True
Todd Shannon,Todd,Shannon,M,True
Toby Dailey,Toby,Dailey,M,True
Timothy Read,Timothy,Read,M,True
Tim Zhang,Tim,Zhang,M,True
Thomas Haskins,Thomas,Haskins,M,True
Theodore Kennedy,Theodore,Kennedy,M,True
Terrance Riddle,Terrance,Riddle,M,True
Terrance Gregory,Terrance,Gregory,M,True
Ted Patterson,Ted,Patterson,M,True
Tamara Irwin,Tamara,Irwin,F,True
Stewart Ogden,Stewart,Ogden,M,True
Stewart Neff,Stewart,Neff,M,True
Steve Butler,Steve,Butler,M,True
Stephen Parrish,Stephen,Parrish,M,True
Stella Kuhn,Stella,Kuhn,F,True
Stan Bruce,Stan,Bruce,M,True
Spencer Lacy,Spencer,Lacy,M,True
Sidney Palmer,Sidney,Palmer,M,True
Shaun Baxter,Shaun,Baxter,M,True
Shane Delaney,Shane,Delaney,M,True
Seth O'Connor,Seth,O'Connor,M,True
Sergio Murphy,Sergio,Murphy,M,True
Sean Peck,Sean,Peck,M,True
Sean Louis,Sean,Louis,M,True
Sean Butler,Sean,Butler,M,True
Saul Joyce,Saul,Joyce,M,True
Santiago Bryant,Santiago,Bryant,M,True
Russell Hoffman,Russell,Hoffman,M,True
Rudy Whitman,Rudy,Whitman,M,True
Ruby Bass,Ruby,Bass,F,True
Rosemarie Romero,Rosemarie,Romero,F,True
Ronnie Thornton,Ronnie,Thornton,M,True
Ronnie Pinnell,Ronnie,Pinnell,M,True
Roland Sutton,Roland,Sutton,M,True
Roland Hardin,Roland,Hardin,M,True
Roger McFarland,Roger,McFarland,M,True
Rodolfo Kuhn,Rodolfo,Kuhn,M,True
Roderick Hicks,Roderick,Hicks,M,True
Rod Hartman,Rod,Hartman,M,True
Robbie Short,Robbie,Short,M,True
Ricky Flynn,Ricky,Flynn,M,True
Ricardo Russel,Ricardo,Russel,M,True
Rex Neal,Rex,Neal,M,True
Rene Rutherford,Rene,Rutherford,M,True
Rene Ford,Rene,Ford,M,True
Reginald Reese,Reginald,Reese,M,True
Reginald McLaughlin,Reginald,McLaughlin,M,True
Ray Reese,Ray,Reese,M,True
Ray Chavez,Ray,Chavez,M,True
Ramiro Jackson,Ramiro,Jackson,M,True
Ramiro Daly,Ramiro,Daly,M,True
Ralph Webb,Ralph,Webb,M,True
Ralph Dalton,Ralph,Dalton,M,True
Phillip Mann,Phillip,Mann,M,True
Philip Wolfe,Philip,Wolfe,M,False
Phil Aguirre,Phil,Aguirre,M,True
Peter Costello,Peter,Costello,M,True
Pedro Soto,Pedro,Soto,M,True
Pedro Hopper,Pedro,Hopper,M,True
Pedro Harris,Pedro,Harris,M,True
Paula Delaney,Paula,Delaney,F,True
Paul Fleming,Paul,Fleming,M,True
Patrick Hartman,Patrick,Hartman,M,True
Orlando Whalen,Orlando,Whalen,M,True
Omar Ellison,Omar,Ellison,M,True
Noel Robison,Noel,Robison,M,True
Noel Reilly,Noel,Reilly,M,True
Nick McDaniel,Nick,McDaniel,M,True
Nick Lozano,Nick,Lozano,M,True
Nelson Lucas,Nelson,Lucas,M,True
Neil Bonner,Neil,Bonner,M,True
Nathaniel Mitchell,Nathaniel,Mitchell,M,True
Morris Craig,Morris,Craig,M,True
Mohammed Springer,Mohammed,Springer,M,True
Mohammad Merritt,Mohammad,Merritt,M,True
Mohammad McMillan,Mohammad,McMillan,M,True
Mohammad Lowe,Mohammad,Lowe,M,True
Milton Friedman,Milton,Friedman,M,True
Mike Dyer,Mike,Dyer,M,False
Miguel Cunningham,Miguel,Cunningham,M,True
Micheal Bond,Micheal,Bond,M,True
Michael Swift,Michael,Swift,M,True
Merle Rankin,Merle,Rankin,M,True
Melvin Daniels,Melvin,Daniels,M,True
Melvin Barnes,Melvin,Barnes,M,True
Mel Plummer,Mel,Plummer,M,True
Mel Compton,Mel,Compton,M,True
Maurice McMillan,Maurice,McMillan,M,True
Matt Gardner,Matt,Gardner,M,True
Matt Daly,Matt,Daly,M,True
Maryann Lockwood,Maryann,Lockwood,F,True
Marty Walker,Marty,Walker,M,True
Martin Gilmore,Martin,Gilmore,M,True
Marta Wilkinson,Marta,Wilkinson,F,True
Mark Ramsey,Mark,Ramsey,M,True
Mark Hobbs,Mark,Hobbs,M,True
Marjorie Wilcox,Marjorie,Wilcox,F,True
Mario Winter,Mario,Winter,M,True
Mario Henderson,Mario,Henderson,M,True
Marcus Dougherty,Marcus,Dougherty,M,True
Marcos Gates,Marcos,Gates,M,True
Marcos Castro,Marcos,Castro,M,True
Malcolm Chase,Malcolm,Chase,M,True
Lyle Thayer,Lyle,Thayer,M,True
Luke Shaw,Luke,Shaw,M,True
Luke Clark,Luke,Clark,M,True
Lucas Riggs,Lucas,Riggs,M,True
Lucas Compton,Lucas,Compton,M,True
Lucas Byers,Lucas,Byers,M,True
Louis Foley,Louis,Foley,M,True
Louis Barr,Louis,Barr,M,True
Lou Lane,Lou,Lane,F,True
Lillie Hunter,Lillie,Hunter,F,True
Lewis Stokes,Lewis,Stokes,M,True
Lewis Harrell,Lewis,Harrell,M,True
Les Obrien,Les,Obrien,M,True
Leroy Walton,Leroy,Walton,M,True
Leon Doyle,Leon,Doyle,M,True
Lee Gorman,Lee,Gorman,M,True
Larry Jackson,Larry,Jackson,M,True
Kyle Ryan,Kyle,Ryan,M,True
Kyle Newton,Kyle,Newton,M,True
Kyle Garcia,Kyle,Garcia,M,True
Kirk Gregory,Kirk,Gregory,M,True
Kent Howard,Kent,Howard,M,True
Kelvin Reeves,Kelvin,Reeves,M,True
Keith Ware,Keith,Ware,M,True
Kay Finch,Kay,Finch,F,True
Katie Delgado,Katie,Delgado,F,True
Karl Santos,Karl,Santos,M,True
Karl Mueller,Karl,Mueller,M,True
Karl Bean,Karl,Bean,M,True
Kari Cannon,Kari,Cannon,F,True
Justin Spencer,Justin,Spencer,M,True
Julio Bradshaw,Julio,Bradshaw,M,True
Judith McGrath,Judith,McGrath,F,True
Joy Minor,Joy,Minor,F,True
Joshua Walton,Joshua,Walton,M,True
Jorge Levy,Jorge,Levy,M,False
Jorge Jones,Jorge,Jones,M,True
Jonathan Luna,Jonathan,Luna,M,True
Jonathan Kaiser,Jonathan,Kaiser,M,True
Jonathan Gallegos,Jonathan,Gallegos,M,True
Jon Kern,Jon,Kern,M,True
Johnny Peck,Johnny,Peck,M,True
Johnnie Ballard,Johnnie,Ballard,M,True
John Aguilar,John,Aguilar,M,True
Joel Meyer,Joel,Meyer,M,True
Joe Manning,Joe,Manning,M,True
Jimmy Padilla,Jimmy,Padilla,M,True
Jesus Guerrero,Jesus,Guerrero,M,True
Jesse Willard,Jesse,Willard,M,True
Jesse Briggs,Jesse,Briggs,M,True
Jerry Love,Jerry,Love,M,True
Jerry Gates,Jerry,Gates,M,True
Jen Mullen,Jen,Mullen,F,True
Jen Crosby,Jen,Crosby,M,True
Jeffery Chase,Jeffery,Chase,M,True
Jeffery Adkins,Jeffery,Adkins,M,True
Jeff Green,Jeff,Green,M,True
Jay Shaw,Jay,Shaw,M,True
Jason Marks,Jason,Marks,M,True
Janie Stephenson,Janie,Stephenson,F,True
Jane Mooney,Jane,Mooney,F,True
James Burgess,James,Burgess,M,True
Jake Jordan,Jake,Jordan,M,True
Jackie McKenna,Jackie,McKenna,M,True
Jackie Franco,Jackie,Franco,M,True
Jackie Banks,Jackie,Banks,F,True
Ivan Huber,Ivan,Huber,M,True
Israel Garcia,Israel,Garcia,M,True
Ismael Kirkpatrick,Ismael,Kirkpatrick,M,True
Ismael Good,Ismael,Good,M,True
Ira Suarez,Ira,Suarez,M,True
Ira Maxwell,Ira,Maxwell,M,True
Ignacio Moyer,Ignacio,Moyer,M,True
Ignacio Mack,Ignacio,Mack,M,True
Hugh Schmitt,Hugh,Schmitt,M,True
Hubert Knapp,Hubert,Knapp,M,True
Herman Pollard,Herman,Pollard,M,True
Herbert Singleton,Herbert,Singleton,M,True
Herbert Guerra,Herbert,Guerra,M,True
Henry Lindsay,Henry,Lindsay,M,True
Harold Fisher,Harold,Fisher,M,True
Gwendolyn Ruiz,Gwendolyn,Ruiz,F,True
Gustavo Gates,Gustavo,Gates,M,True
Gregory McKay,Gregory,McKay,M,True
Gregory Grace,Gregory,Grace,M,True
Gregg Owens,Gregg,Owens,M,True
Gregg Aguilar,Gregg,Aguilar,M,True
Greg Hurley,Greg,Hurley,M,True
Grant Henry,Grant,Henry,M,True
Grant Hahn,Grant,Hahn,M,True
Gordon Dunn,Gordon,Dunn,M,True
Gordon Allen,Gordon,Allen,M,True
Gilberto Cook,Gilberto,Cook,M,True
Gerry Marshall,Gerry,Marshall,M,True
Gerry Gleason,Gerry,Gleason,M,True
Gerardo Morrison,Gerardo,Morrison,M,True
Gerardo Fischer,Gerardo,Fischer,M,True
Gerard Atkinson,Gerard,Atkinson,M,True
Geoffrey Barr,Geoffrey,Barr,M,True
Garry Burgess,Garry,Burgess,M,True
Gabriel Goldstein,Gabriel,Goldstein,M,True
Frederick Vaughn,Frederick,Vaughn,M,True
Freddie Morgan,Freddie,Morgan,M,True
Frankie Kellogg,Frankie,Kellogg,M,True
Frank FitzPatrick,Frank,FitzPatrick,M,True
Francis Cole,Francis,Cole,M,True
Frances Logan,Frances,Logan,F,True
Floyd Strickland,Floyd,Strickland,M,True
Fernando Yates,Fernando,Yates,M,True
Felix Williams,Felix,Williams,M,True
Felipe Quinn,Felipe,Quinn,M,True
Felicia Gillespie,Felicia,Gillespie,F,True
Everett Norris,Everett,Norris,M,True
Evan Schultz,Evan,Schultz,M,True
Ernie Howe,Ernie,Howe,M,True
Ernest Swanson,Ernest,Swanson,M,True
Erin Fletcher,Erin,Fletcher,F,True
Erik Byrd,Erik,Byrd,M,True
Erick Dickson,Erick,Dickson,M,True
Enrique Walker,Enrique,Walker,M,True
Enrique McCabe,Enrique,McCabe,M,True
Elias Baker,Elias,Baker,M,False
Eileen Crane,Eileen,Crane,F,True
Eduardo Schultz,Eduardo,Schultz,M,True
Edmund Hill,Edmund,Hill,M,True
Edmund Gomez,Edmund,Gomez,M,True
Eddie Moss,Eddie,Moss,M,True
Earl Wilcox,Earl,Wilcox,M,True
Dwight Ramirez,Dwight,Ramirez,M,True
Dwight Draper,Dwight,Draper,M,True
Duane Bridges,Duane,Bridges,M,True
Drew Dominguez,Drew,Dominguez,M,True
Doug Bowen,Doug,Bowen,M,True
Don Lowe,Don,Lowe,M,True
Dick McKinney,Dick,McKinney,M,True
Dianne Webb,Dianne,Webb,F,True
Devin Donahue,Devin,Donahue,M,True
Derrick Irwin,Derrick,Irwin,M,True
Deb Roberts,Deb,Roberts,M,True
Deb Lyons,Deb,Lyons,M,True
Dean Root,Dean,Root,M,True
Dean Berry,Dean,Berry,M,True
Dawn Benjamin,Dawn,Benjamin,F,True
David Kent,David,Kent,M,True
David Boyer,David,Boyer,M,True
Darrell Draper,Darrell,Draper,M,True
Darin Thornton,Darin,Thornton,M,True
Darin Manning,Darin,Manning,M,True
Daniel McDaniel,Daniel,McDaniel,M,True
Damon Ayers,Damon,Ayers,M,True
Corey Boyle,Corey,Boyle,M,True
Clyde Collier,Clyde,Collier,M,True
Clint Diaz,Clint,Diaz,M,True
Clifford Parrish,Clifford,Parrish,M,True
Clayton Taylor,Clayton,Taylor,M,True
Clayton Ackerman,Clayton,Ackerman,M,True
Claude Gibson,Claude,Gibson,M,True
Chuck Oliver,Chuck,Oliver,M,True
Christopher Solis,Christopher,Solis,M,True
Christophe Ellis,Christophe,Ellis,M,True
Charles Hatfield,Charles,Hatfield,M,True
Casey Hardy,Casey,Hardy,M,True
Cary Roach,Cary,Roach,M,True
Carlos Ball,Carlos,Ball,M,True
Cameron Ramirez,Cameron,Ramirez,M,True
Calvin Beard,Calvin,Beard,M,True
Bryan Blevins,Bryan,Blevins,M,True
Bruce Gill,Bruce,Gill,M,True
Brett McKee,Brett,McKee,M,True
Brett Hull,Brett,Hull,M,True
Brett Cochran,Brett,Cochran,M,True
Bret Moody,Bret,Moody,M,True
Bret Massey,Bret,Massey,M,True
Brendan Hill,Brendan,Hill,M,True
Bob Higgins,Bob,Higgins,M,True
Bob Clarke,Bob,Clarke,M,True
Bernard Malone,Bernard,Malone,M,True
Bernard Combs,Bernard,Combs,M,True
Benny Edwards,Benny,Edwards,M,True
Benny Adkins,Benny,Adkins,M,True
Barry O'Donnell,Barry,O'Donnell,M,True
Austin Gonzales,Austin,Gonzales,M,True
Arthur Whitehead,Arthur,Whitehead,M,True
Arthur Sullivan,Arthur,Sullivan,M,True
Art Patrick,Art,Patrick,M,True
Arnold Russel,Arnold,Russel,M,True
Arnold Price,Arnold,Price,M,True
Armando Conner,Armando,Conner,M,True
April Welch,April,Welch,F,True
Antoinette Carrillo,Antoinette,Carrillo,F,True
Angel Burke,Angel,Burke,M,True
Angel Bonner,Angel,Bonner,M,True
Andy Cheng,Andy,Cheng,M,True
Ali Hampton,Ali,Hampton,M,True
Alexandra Beasley,Alexandra,Beasley,F,True
Alberto Fry,Alberto,Fry,M,True
Albert Lynn,Albert,Lynn,M,True
Alan Waller,Alan,Waller,M,True
Alan Shultz,Alan,Shultz,M,True
Al Rose,Al,Rose,M,True
Abel Livingston,Abel,Livingston,M,True
Aaron Maddox,Aaron,Maddox,M,True
Mitchell Curtis,Mitchell,Curtis,M,True
Arthur Wilkerson,Arthur,Wilkerson,M,True
Damon Kane,Damon,Kane,M,True
Russell Cummins,Russell,Cummins,M,True
Charlie Nguyen,Charlie,Nguyen,M,True
Tom McCann,Tom,McCann,M,True
Stephen Willis,Stephen,Willis,M,False
Arnold Watts,Arnold,Watts,M,False
Calvin Simpson,Calvin,Simpson,M,False
Rogelio Christian,Rogelio,Christian,M,False
Andy Robbins,Andy,Robbins,M,False
Melvin Cervantes,Melvin,Cervantes,M,True
Walter Hudson,Walter,Hudson,M,True
Roderick Nunez,Roderick,Nunez,M,False
Spencer Green,Spencer,Green,M,False
Nathan Snider,Nathan,Snider,M,False
Clayton Webb,Clayton,Webb,M,False
Ernest Wilson,Ernest,Wilson,M,False
Kyle Emery,Kyle,Emery,M,False
Rob Richardson,Rob,Richardson,M,False
Joey Bruce,Joey,Bruce,M,False
Mickey Bradley,Mickey,Bradley,M,False
Mohammad O'Conner,Mohammad,O'Conner,M,False
Joshua Knox,Joshua,Knox,M,False
Barry Sexton,Barry,Sexton,M,False
Ross Choi,Ross,Choi,M,False
Joel Riley,Joel,Riley,M,False
Andrew Flores,Andrew,Flores,M,False
Floyd Carey,Floyd,Carey,M,False
Al Coon,Al,Coon,M,False
Kenny Roberson,Kenny,Roberson,M,False
Marcos McClain,Marcos,McClain,M,False
Jeffery Gibbons,Jeffery,Gibbons,M,False
Corey Floyd,Corey,Floyd,M,False
Phillip Keller,Phillip,Keller,M,False
Kris Schwartz,Kris,Schwartz,M,False
Dominic Watkins,Dominic,Watkins,M,False
Garry Boyle,Garry,Boyle,M,False
Gustavo Vazquez,Gustavo,Vazquez,M,False
Eric Kirk,Eric,Kirk,M,False
Terry Peters,Terry,Peters,M,False
Thomas McPherson,Thomas,McPherson,M,False
Jesse FitzGerald,Jesse,FitzGerald,M,False
Austin Childs,Austin,Childs,M,False
Philip Cook,Philip,Cook,M,False
Micheal Powell,Micheal,Powell,M,False
Barry Sheppard,Barry,Sheppard,M,False
Shaun Cherry,Shaun,Cherry,M,False
Jan Merrill,Jan,Merrill,M,False
Terry Parker,Terry,Parker,M,False
Tim Diaz,Tim,Diaz,M,False
Mark Lucas,Mark,Lucas,M,False
Pedro Daly,Pedro,Daly,M,False
Billy Bartlett,Billy,Bartlett,M,False
Alejandro McCclure,Alejandro,McCclure,M,False
Rolando McGee,Rolando,McGee,M,False
Abraham Long,Abraham,Long,M,False
Brett Childs,Brett,Childs,M,False
Maurice Holt,Maurice,Holt,M,False
Adrian Hayden,Adrian,Hayden,M,False
Christian Good,Christian,Good,M,False
Steve Garza,Steve,Garza,M,False
Seth Waller,Seth,Waller,M,False
Harvey Morgan,Harvey,Morgan,M,False
Miguel Thomas,Miguel,Thomas,M,False
Ed Muller,Ed,Muller,M,False
Ricky Aguirre,Ricky,Aguirre,M,False
Kenneth Rubio,Kenneth,Rubio,M,False
Ismael Mercer,Ismael,Mercer,M,False
Elvira Hunt,Elvira,Hunt,F,True
Jennie Dodson,Jennie,Dodson,F,True
Emily Herman,Emily,Herman,F,False
Tracey Blair,Tracey,Blair,F,False
Jeanette Nelson,Jeanette,Nelson,F,False
Heidi Lambert,Heidi,Lambert,F,False
Arlene Kelly,Arlene,Kelly,F,False
Patti Newton,Patti,Newton,F,False
Della Burnett,Della,Burnett,F,False
Beatrice Fuller,Beatrice,Fuller,F,False
Mabel Castaneda,Mabel,Castaneda,F,False
Tiffany Jacobs,Tiffany,Jacobs,F,False
Denise Johnston,Denise,Johnston,F,False
Josefina Winter,Josefina,Winter,F,False
Erika Hawkins,Erika,Hawkins,F,False
Lorena Caldwell,Lorena,Caldwell,F,False
Nell Santos,Nell,Santos,F,False
Whitney Love,Whitney,Love,F,False
Tara Merritt,Tara,Merritt,F,False
Amelia Spears,Amelia,Spears,F,False
Stephanie Kemp,Stephanie,Kemp,F,False
Alicia Lindsey,Alicia,Lindsey,F,False
Vanessa Charles,Vanessa,Charles,F,False
Jasmine Kaiser,Jasmine,Kaiser,F,False
Rhonda Robertson,Rhonda,Robertson,F,False
Young Mercado,Young,Mercado,F,False
Cecilia Rivas,Cecilia,Rivas,F,False
Linda Kuhn,Linda,Kuhn,F,False
Tracy Roberson,Tracy,Roberson,F,False
Grace Barr,Grace,Barr,F,False
Brooke Hendricks,Brooke,Hendricks,F,False
Andrea Knowles,Andrea,Knowles,F,False
Ann Pierce,Ann,Pierce,F,False
Katrina Malone,Katrina,Malone,F,False
Norma Waller,Norma,Waller,F,False
Emma Alexander,Emma,Alexander,F,False
Leigh Rodgers,Leigh,Rodgers,F,False
Veronica Daniel,Veronica,Daniel,F,False
Myra Carrillo,Myra,Carrillo,F,False
Anna Frederick,Anna,Frederick,F,False
Pearl Day,Pearl,Day,F,False
Jayne Hatfield,Jayne,Hatfield,F,False
Flora Stone,Flora,Stone,F,False
Hilda Vega,Hilda,Vega,F,False
Marlene Villarreal,Marlene,Villarreal,F,False
Sheila Perkins,Sheila,Perkins,F,False
Gabriela Warren,Gabriela,Warren,F,False
Fran Haley,Fran,Haley,F,False
Susan Root,Susan,Root,F,False
Lynda Case,Lynda,Case,F,False
Kara Walker,Kara,Walker,F,False
Tanya Barlow,Tanya,Barlow,F,False
Kay Marshall,Kay,Marshall,F,False
Myrtle Dow,Myrtle,Dow,F,False
Ella Christensen,Ella,Christensen,F,False
Carmen Potts,Carmen,Potts,F,False
Patty Freeman,Patty,Freeman,F,False
Monica Young,Monica,Young,F,False
Abigail Sexton,Abigail,Sexton,F,False
Mercedes Finn,Mercedes,Finn,F,False
Juanita Mejia,Juanita,Mejia,F,False
Colleen Wang,Colleen,Wang,F,False
Rose Chamberlain,Rose,Chamberlain,F,False
Jeannie Franklin,Jeannie,Franklin,F,False
Diana Navarro,Diana,Navarro,F,False
Christy Macias,Christy,Macias,F,False
Molly McKinney,Molly,McKinney,F,False
Margaret Stout,Margaret,Stout,F,False
Polly Parsons,Polly,Parsons,F,False
Brittany Bond,Brittany,Bond,F,False
Ann Knox,Ann,Knox,F,False
Marina Snow,Marina,Snow,F,False
Denise Stone,Denise,Stone,F,False
Cecelia Steele,Cecelia,Steele,F,False
Patrica Long,Patrica,Long,F,False
Jill Pollard,Jill,Pollard,F,False
Lisa Washington,Lisa,Washington,F,False
Brandi Roach,Brandi,Roach,F,False
Rosario Mullins,Rosario,Mullins,F,False
Celia Hansen,Celia,Hansen,F,False
Carla Snyder,Carla,Snyder,F,False
Gwendolyn Lee,Gwendolyn,Lee,F,False
Delores Mack,Delores,Mack,F,False
Alice McCann,Alice,McCann,F,False
Mandy Gilbert,Mandy,Gilbert,F,False
Matthew Schwartz,Matthew,Schwartz,F,False
