index,random_full_name,random_first_name,random_last_name,gender,name_used
0,Zachary Perry,Zachary,Perry,M,Y
1,Young Walton,Young,Walton,M,Y
2,Willie Hampton,Willie,Hampton,M,Y
3,Will Proctor,Will,Proctor,M,Y
4,Wendell Daniels,Wendell,Daniels,M,Y
5,Wendell Barber,Wendell,Barber,M,Y
6,Walter Kemp,Walter,Kemp,M,Y
7,Wallace Woodard,Wallace,Woodard,M,Y
8,Wallace Goldberg,Wallace,Goldberg,M,Y
9,Wallace Braun,Wallace,Braun,M,Y
10,Wade Perkins,Wade,Perkins,M,Y
11,Wade Haley,Wade,Haley,M,Y
12,Virgil Carlson,Virgil,Carlson,M,Y
13,Vince Williams,Vince,Williams,M,Y
14,Veronica Kirkpatrick,Veronica,Kirkpatrick,F,Y
15,Velma Whitehead,Velma,Whitehead,F,Y
16,Tyrone Lester,Tyrone,Lester,M,Y
17,Tyler Obrien,Tyler,Obrien,M,Y
18,Tyler McIntyre,Tyler,McIntyre,M,Y
19,Tricia Koch,Tricia,Koch,F,Y
20,Travis Hart,Travis,Hart,M,Y
21,Tony Wallace,Tony,Wallace,M,Y
22,Tony Lynch,Tony,Lynch,M,Y
23,Tommy Newell,Tommy,Newell,M,Y
24,Tomas Bennett,Tomas,Bennett,M,Y
25,Tom Newell,Tom,Newell,M,Y
26,Todd Shannon,Todd,Shannon,M,Y
27,Toby Dailey,Toby,Dailey,M,Y
28,Timothy Read,Timothy,Read,M,Y
29,Tim Zhang,Tim,Zhang,M,Y
30,Thomas Haskins,Thomas,Haskins,M,Y
31,Theodore Kennedy,Theodore,Kennedy,M,Y
32,Terrance Riddle,Terrance,Riddle,M,Y
33,Terrance Gregory,Terrance,Gregory,M,Y
34,Ted Patterson,Ted,Patterson,M,Y
35,Tamara Irwin,Tamara,Irwin,F,Y
36,Stewart Ogden,Stewart,Ogden,M,Y
37,Stewart Neff,Stewart,Neff,M,Y
38,Steve Butler,Steve,Butler,M,Y
39,Stephen Parrish,Stephen,Parrish,M,Y
40,Stella Kuhn,Stella,Kuhn,F,Y
41,Stan Bruce,Stan,Bruce,M,Y
42,Spencer Lacy,Spencer,Lacy,M,Y
43,Sidney Palmer,Sidney,Palmer,M,Y
44,Shaun Baxter,Shaun,Baxter,M,Y
45,Shane Delaney,Shane,Delaney,M,Y
46,Seth O'Connor,Seth,O'Connor,M,Y
47,Sergio Murphy,Sergio,Murphy,M,Y
48,Sean Peck,Sean,Peck,M,Y
49,Sean Louis,Sean,Louis,M,Y
50,Sean Butler,Sean,Butler,M,Y
51,Saul Joyce,Saul,Joyce,M,Y
52,Santiago Bryant,Santiago,Bryant,M,Y
53,Russell Hoffman,Russell,Hoffman,M,Y
54,Rudy Whitman,Rudy,Whitman,M,Y
55,Ruby Bass,Ruby,Bass,F,Y
56,Rosemarie Romero,Rosemarie,Romero,F,Y
57,Ronnie Thornton,Ronnie,Thornton,M,Y
58,Ronnie Pinnell,Ronnie,Pinnell,M,Y
59,Roland Sutton,Roland,Sutton,M,Y
60,Roland Hardin,Roland,Hardin,M,Y
61,Roger McFarland,Roger,McFarland,M,Y
62,Rodolfo Kuhn,Rodolfo,Kuhn,M,Y
63,Roderick Hicks,Roderick,Hicks,M,Y
64,Rod Hartman,Rod,Hartman,M,Y
65,Robbie Short,Robbie,Short,M,Y
66,Ricky Flynn,Ricky,Flynn,M,Y
67,Ricardo Russel,Ricardo,Russel,M,Y
68,Rex Neal,Rex,Neal,M,Y
69,Rene Rutherford,Rene,Rutherford,M,Y
70,Rene Ford,Rene,Ford,M,Y
71,Reginald Reese,Reginald,Reese,M,Y
72,Reginald McLaughlin,Reginald,McLaughlin,M,Y
73,Ray Reese,Ray,Reese,M,Y
74,Ray Chavez,Ray,Chavez,M,Y
75,Ramiro Jackson,Ramiro,Jackson,M,Y
76,Ramiro Daly,Ramiro,Daly,M,Y
77,Ralph Webb,Ralph,Webb,M,Y
78,Ralph Dalton,Ralph,Dalton,M,Y
79,Phillip Mann,Phillip,Mann,M,Y
80,Philip Wolfe,Philip,Wolfe,M,N
81,Phil Aguirre,Phil,Aguirre,M,Y
82,Peter Costello,Peter,Costello,M,Y
83,Pedro Soto,Pedro,Soto,M,Y
84,Pedro Hopper,Pedro,Hopper,M,Y
85,Pedro Harris,Pedro,Harris,M,Y
86,Paula Delaney,Paula,Delaney,F,Y
87,Paul Fleming,Paul,Fleming,M,Y
88,Patrick Hartman,Patrick,Hartman,M,Y
89,Orlando Whalen,Orlando,Whalen,M,Y
90,Omar Ellison,Omar,Ellison,M,Y
91,Noel Robison,Noel,Robison,M,Y
92,Noel Reilly,Noel,Reilly,M,Y
93,Nick McDaniel,Nick,McDaniel,M,Y
94,Nick Lozano,Nick,Lozano,M,Y
95,Nelson Lucas,Nelson,Lucas,M,Y
96,Neil Bonner,Neil,Bonner,M,Y
97,Nathaniel Mitchell,Nathaniel,Mitchell,M,Y
98,Morris Craig,Morris,Craig,M,Y
99,Mohammed Springer,Mohammed,Springer,M,Y
100,Mohammad Merritt,Mohammad,Merritt,M,Y
101,Mohammad McMillan,Mohammad,McMillan,M,Y
102,Mohammad Lowe,Mohammad,Lowe,M,Y
103,Milton Friedman,Milton,Friedman,M,Y
104,Mike Dyer,Mike,Dyer,M,N
105,Miguel Cunningham,Miguel,Cunningham,M,Y
106,Micheal Bond,Micheal,Bond,M,Y
107,Michael Swift,Michael,Swift,M,Y
108,Merle Rankin,Merle,Rankin,M,Y
109,Melvin Daniels,Melvin,Daniels,M,Y
110,Melvin Barnes,Melvin,Barnes,M,Y
111,Mel Plummer,Mel,Plummer,M,Y
112,Mel Compton,Mel,Compton,M,Y
113,Maurice McMillan,Maurice,McMillan,M,Y
114,Matt Gardner,Matt,Gardner,M,Y
115,Matt Daly,Matt,Daly,M,Y
116,Maryann Lockwood,Maryann,Lockwood,F,Y
117,Marty Walker,Marty,Walker,M,Y
118,Martin Gilmore,Martin,Gilmore,M,Y
119,Marta Wilkinson,Marta,Wilkinson,F,Y
120,Mark Ramsey,Mark,Ramsey,M,Y
121,Mark Hobbs,Mark,Hobbs,M,Y
122,Marjorie Wilcox,Marjorie,Wilcox,F,Y
123,Mario Winter,Mario,Winter,M,Y
124,Mario Henderson,Mario,Henderson,M,Y
125,Marcus Dougherty,Marcus,Dougherty,M,Y
126,Marcos Gates,Marcos,Gates,M,Y
127,Marcos Castro,Marcos,Castro,M,Y
128,Malcolm Chase,Malcolm,Chase,M,Y
129,Lyle Thayer,Lyle,Thayer,M,Y
130,Luke Shaw,Luke,Shaw,M,Y
131,Luke Clark,Luke,Clark,M,Y
132,Lucas Riggs,Lucas,Riggs,M,Y
133,Lucas Compton,Lucas,Compton,M,Y
134,Lucas Byers,Lucas,Byers,M,Y
135,Louis Foley,Louis,Foley,M,Y
136,Louis Barr,Louis,Barr,M,Y
137,Lou Lane,Lou,Lane,F,Y
138,Lillie Hunter,Lillie,Hunter,F,Y
139,Lewis Stokes,Lewis,Stokes,M,Y
140,Lewis Harrell,Lewis,Harrell,M,Y
141,Les Obrien,Les,Obrien,M,Y
142,Leroy Walton,Leroy,Walton,M,Y
143,Leon Doyle,Leon,Doyle,M,Y
144,Lee Gorman,Lee,Gorman,M,Y
145,Larry Jackson,Larry,Jackson,M,Y
146,Kyle Ryan,Kyle,Ryan,M,Y
147,Kyle Newton,Kyle,Newton,M,Y
148,Kyle Garcia,Kyle,Garcia,M,Y
149,Kirk Gregory,Kirk,Gregory,M,Y
150,Kent Howard,Kent,Howard,M,Y
151,Kelvin Reeves,Kelvin,Reeves,M,Y
152,Keith Ware,Keith,Ware,M,Y
153,Kay Finch,Kay,Finch,F,Y
154,Katie Delgado,Katie,Delgado,F,Y
155,Karl Santos,Karl,Santos,M,Y
156,Karl Mueller,Karl,Mueller,M,Y
157,Karl Bean,Karl,Bean,M,Y
158,Kari Cannon,Kari,Cannon,F,Y
159,Justin Spencer,Justin,Spencer,M,Y
160,Julio Bradshaw,Julio,Bradshaw,M,Y
161,Judith McGrath,Judith,McGrath,F,Y
162,Joy Minor,Joy,Minor,F,Y
163,Joshua Walton,Joshua,Walton,M,Y
164,Jorge Levy,Jorge,Levy,M,N
165,Jorge Jones,Jorge,Jones,M,Y
166,Jonathan Luna,Jonathan,Luna,M,Y
167,Jonathan Kaiser,Jonathan,Kaiser,M,Y
168,Jonathan Gallegos,Jonathan,Gallegos,M,Y
169,Jon Kern,Jon,Kern,M,Y
170,Johnny Peck,Johnny,Peck,M,Y
171,Johnnie Ballard,Johnnie,Ballard,M,Y
172,John Aguilar,John,Aguilar,M,Y
173,Joel Meyer,Joel,Meyer,M,Y
174,Joe Manning,Joe,Manning,M,Y
175,Jimmy Padilla,Jimmy,Padilla,M,Y
176,Jesus Guerrero,Jesus,Guerrero,M,Y
177,Jesse Willard,Jesse,Willard,M,Y
178,Jesse Briggs,Jesse,Briggs,M,Y
179,Jerry Love,Jerry,Love,M,Y
180,Jerry Gates,Jerry,Gates,M,Y
181,Jen Mullen,Jen,Mullen,F,Y
182,Jen Crosby,Jen,Crosby,M,Y
183,Jeffery Chase,Jeffery,Chase,M,Y
184,Jeffery Adkins,Jeffery,Adkins,M,Y
185,Jeff Green,Jeff,Green,M,Y
186,Jay Shaw,Jay,Shaw,M,Y
187,Jason Marks,Jason,Marks,M,Y
188,Janie Stephenson,Janie,Stephenson,F,Y
189,Jane Mooney,Jane,Mooney,F,Y
190,James Burgess,James,Burgess,M,Y
191,Jake Jordan,Jake,Jordan,M,Y
192,Jackie McKenna,Jackie,McKenna,M,Y
193,Jackie Franco,Jackie,Franco,M,Y
194,Jackie Banks,Jackie,Banks,F,Y
195,Ivan Huber,Ivan,Huber,M,Y
196,Israel Garcia,Israel,Garcia,M,Y
197,Ismael Kirkpatrick,Ismael,Kirkpatrick,M,Y
198,Ismael Good,Ismael,Good,M,Y
199,Ira Suarez,Ira,Suarez,M,Y
200,Ira Maxwell,Ira,Maxwell,M,Y
201,Ignacio Moyer,Ignacio,Moyer,M,Y
202,Ignacio Mack,Ignacio,Mack,M,Y
203,Hugh Schmitt,Hugh,Schmitt,M,Y
204,Hubert Knapp,Hubert,Knapp,M,Y
205,Herman Pollard,Herman,Pollard,M,Y
206,Herbert Singleton,Herbert,Singleton,M,Y
207,Herbert Guerra,Herbert,Guerra,M,Y
208,Henry Lindsay,Henry,Lindsay,M,Y
209,Harold Fisher,Harold,Fisher,M,Y
210,Gwendolyn Ruiz,Gwendolyn,Ruiz,F,Y
211,Gustavo Gates,Gustavo,Gates,M,Y
212,Gregory McKay,Gregory,McKay,M,Y
213,Gregory Grace,Gregory,Grace,M,Y
214,Gregg Owens,Gregg,Owens,M,Y
215,Gregg Aguilar,Gregg,Aguilar,M,Y
216,Greg Hurley,Greg,Hurley,M,Y
217,Grant Henry,Grant,Henry,M,Y
218,Grant Hahn,Grant,Hahn,M,Y
219,Gordon Dunn,Gordon,Dunn,M,Y
220,Gordon Allen,Gordon,Allen,M,Y
221,Gilberto Cook,Gilberto,Cook,M,Y
222,Gerry Marshall,Gerry,Marshall,M,Y
223,Gerry Gleason,Gerry,Gleason,M,Y
224,Gerardo Morrison,Gerardo,Morrison,M,Y
225,Gerardo Fischer,Gerardo,Fischer,M,Y
226,Gerard Atkinson,Gerard,Atkinson,M,Y
227,Geoffrey Barr,Geoffrey,Barr,M,Y
228,Garry Burgess,Garry,Burgess,M,Y
229,Gabriel Goldstein,Gabriel,Goldstein,M,Y
230,Frederick Vaughn,Frederick,Vaughn,M,Y
231,Freddie Morgan,Freddie,Morgan,M,Y
232,Frankie Kellogg,Frankie,Kellogg,M,Y
233,Frank FitzPatrick,Frank,FitzPatrick,M,Y
234,Francis Cole,Francis,Cole,M,Y
235,Frances Logan,Frances,Logan,F,Y
236,Floyd Strickland,Floyd,Strickland,M,Y
237,Fernando Yates,Fernando,Yates,M,Y
238,Felix Williams,Felix,Williams,M,Y
239,Felipe Quinn,Felipe,Quinn,M,Y
240,Felicia Gillespie,Felicia,Gillespie,F,Y
241,Everett Norris,Everett,Norris,M,Y
242,Evan Schultz,Evan,Schultz,M,Y
243,Ernie Howe,Ernie,Howe,M,Y
244,Ernest Swanson,Ernest,Swanson,M,Y
245,Erin Fletcher,Erin,Fletcher,F,Y
246,Erik Byrd,Erik,Byrd,M,Y
247,Erick Dickson,Erick,Dickson,M,Y
248,Enrique Walker,Enrique,Walker,M,Y
249,Enrique McCabe,Enrique,McCabe,M,Y
250,Elias Baker,Elias,Baker,M,N
251,Eileen Crane,Eileen,Crane,F,Y
252,Eduardo Schultz,Eduardo,Schultz,M,Y
253,Edmund Hill,Edmund,Hill,M,Y
254,Edmund Gomez,Edmund,Gomez,M,Y
255,Eddie Moss,Eddie,Moss,M,Y
256,Earl Wilcox,Earl,Wilcox,M,Y
257,Dwight Ramirez,Dwight,Ramirez,M,Y
258,Dwight Draper,Dwight,Draper,M,Y
259,Duane Bridges,Duane,Bridges,M,Y
260,Drew Dominguez,Drew,Dominguez,M,Y
261,Doug Bowen,Doug,Bowen,M,Y
262,Don Lowe,Don,Lowe,M,Y
263,Dick McKinney,Dick,McKinney,M,Y
264,Dianne Webb,Dianne,Webb,F,Y
265,Devin Donahue,Devin,Donahue,M,Y
266,Derrick Irwin,Derrick,Irwin,M,Y
267,Deb Roberts,Deb,Roberts,M,Y
268,Deb Lyons,Deb,Lyons,M,Y
269,Dean Root,Dean,Root,M,Y
270,Dean Berry,Dean,Berry,M,Y
271,Dawn Benjamin,Dawn,Benjamin,F,Y
272,David Kent,David,Kent,M,Y
273,David Boyer,David,Boyer,M,Y
274,Darrell Draper,Darrell,Draper,M,Y
275,Darin Thornton,Darin,Thornton,M,Y
276,Darin Manning,Darin,Manning,M,Y
277,Daniel McDaniel,Daniel,McDaniel,M,Y
278,Damon Ayers,Damon,Ayers,M,Y
279,Corey Boyle,Corey,Boyle,M,Y
280,Clyde Collier,Clyde,Collier,M,Y
281,Clint Diaz,Clint,Diaz,M,Y
282,Clifford Parrish,Clifford,Parrish,M,Y
283,Clayton Taylor,Clayton,Taylor,M,Y
284,Clayton Ackerman,Clayton,Ackerman,M,Y
285,Claude Gibson,Claude,Gibson,M,Y
286,Chuck Oliver,Chuck,Oliver,M,Y
287,Christopher Solis,Christopher,Solis,M,Y
288,Christophe Ellis,Christophe,Ellis,M,Y
289,Charles Hatfield,Charles,Hatfield,M,Y
290,Casey Hardy,Casey,Hardy,M,Y
291,Cary Roach,Cary,Roach,M,Y
292,Carlos Ball,Carlos,Ball,M,Y
293,Cameron Ramirez,Cameron,Ramirez,M,Y
294,Calvin Beard,Calvin,Beard,M,Y
295,Bryan Blevins,Bryan,Blevins,M,Y
296,Bruce Gill,Bruce,Gill,M,Y
297,Brett McKee,Brett,McKee,M,Y
298,Brett Hull,Brett,Hull,M,Y
299,Brett Cochran,Brett,Cochran,M,Y
300,Bret Moody,Bret,Moody,M,Y
301,Bret Massey,Bret,Massey,M,Y
302,Brendan Hill,Brendan,Hill,M,Y
303,Bob Higgins,Bob,Higgins,M,Y
304,Bob Clarke,Bob,Clarke,M,Y
305,Bernard Malone,Bernard,Malone,M,Y
306,Bernard Combs,Bernard,Combs,M,Y
307,Benny Edwards,Benny,Edwards,M,Y
308,Benny Adkins,Benny,Adkins,M,Y
309,Barry O'Donnell,Barry,O'Donnell,M,Y
310,Austin Gonzales,Austin,Gonzales,M,Y
311,Arthur Whitehead,Arthur,Whitehead,M,Y
312,Arthur Sullivan,Arthur,Sullivan,M,Y
313,Art Patrick,Art,Patrick,M,Y
314,Arnold Russel,Arnold,Russel,M,Y
315,Arnold Price,Arnold,Price,M,Y
316,Armando Conner,Armando,Conner,M,Y
317,April Welch,April,Welch,F,Y
318,Antoinette Carrillo,Antoinette,Carrillo,F,Y
319,Angel Burke,Angel,Burke,M,Y
320,Angel Bonner,Angel,Bonner,M,Y
321,Andy Cheng,Andy,Cheng,M,Y
322,Ali Hampton,Ali,Hampton,M,Y
323,Alexandra Beasley,Alexandra,Beasley,F,Y
324,Alberto Fry,Alberto,Fry,M,Y
325,Albert Lynn,Albert,Lynn,M,Y
326,Alan Waller,Alan,Waller,M,Y
327,Alan Shultz,Alan,Shultz,M,Y
328,Al Rose,Al,Rose,M,Y
329,Abel Livingston,Abel,Livingston,M,Y
330,Aaron Maddox,Aaron,Maddox,M,Y
331,Mitchell Curtis,Mitchell,Curtis,M,Y
332,Arthur Wilkerson,Arthur,Wilkerson,M,Y
333,Damon Kane,Damon,Kane,M,Y
334,Russell Cummins,Russell,Cummins,M,Y
335,Charlie Nguyen,Charlie,Nguyen,M,Y
336,Tom McCann,Tom,McCann,M,Y
337,Stephen Willis,Stephen,Willis,M,N
338,Arnold Watts,Arnold,Watts,M,N
339,Calvin Simpson,Calvin,Simpson,M,N
340,Rogelio Christian,Rogelio,Christian,M,N
341,Andy Robbins,Andy,Robbins,M,N
342,Melvin Cervantes,Melvin,Cervantes,M,N
343,Walter Hudson,Walter,Hudson,M,N
344,Roderick Nunez,Roderick,Nunez,M,N
345,Spencer Green,Spencer,Green,M,N
346,Nathan Snider,Nathan,Snider,M,N
347,Clayton Webb,Clayton,Webb,M,N
348,Ernest Wilson,Ernest,Wilson,M,N
349,Kyle Emery,Kyle,Emery,M,N
350,Rob Richardson,Rob,Richardson,M,N
351,Joey Bruce,Joey,Bruce,M,N
352,Mickey Bradley,Mickey,Bradley,M,N
353,Mohammad O'Conner,Mohammad,O'Conner,M,N
354,Joshua Knox,Joshua,Knox,M,N
355,Barry Sexton,Barry,Sexton,M,N
356,Ross Choi,Ross,Choi,M,N
357,Joel Riley,Joel,Riley,M,N
358,Andrew Flores,Andrew,Flores,M,N
359,Floyd Carey,Floyd,Carey,M,N
360,Al Coon,Al,Coon,M,N
361,Kenny Roberson,Kenny,Roberson,M,N
362,Marcos McClain,Marcos,McClain,M,N
363,Jeffery Gibbons,Jeffery,Gibbons,M,N
364,Corey Floyd,Corey,Floyd,M,N
365,Phillip Keller,Phillip,Keller,M,N
366,Kris Schwartz,Kris,Schwartz,M,N
367,Dominic Watkins,Dominic,Watkins,M,N
368,Garry Boyle,Garry,Boyle,M,N
369,Gustavo Vazquez,Gustavo,Vazquez,M,N
370,Eric Kirk,Eric,Kirk,M,N
371,Terry Peters,Terry,Peters,M,N
372,Thomas McPherson,Thomas,McPherson,M,N
373,Jesse FitzGerald,Jesse,FitzGerald,M,N
374,Austin Childs,Austin,Childs,M,N
375,Philip Cook,Philip,Cook,M,N
376,Micheal Powell,Micheal,Powell,M,N
377,Barry Sheppard,Barry,Sheppard,M,N
378,Shaun Cherry,Shaun,Cherry,M,N
379,Jan Merrill,Jan,Merrill,M,N
380,Terry Parker,Terry,Parker,M,N
381,Tim Diaz,Tim,Diaz,M,N
382,Mark Lucas,Mark,Lucas,M,N
383,Pedro Daly,Pedro,Daly,M,N
384,Billy Bartlett,Billy,Bartlett,M,N
385,Alejandro McCclure,Alejandro,McCclure,M,N
386,Rolando McGee,Rolando,McGee,M,N
387,Abraham Long,Abraham,Long,M,N
388,Brett Childs,Brett,Childs,M,N
389,Maurice Holt,Maurice,Holt,M,N
390,Adrian Hayden,Adrian,Hayden,M,N
391,Christian Good,Christian,Good,M,N
392,Steve Garza,Steve,Garza,M,N
393,Seth Waller,Seth,Waller,M,N
394,Harvey Morgan,Harvey,Morgan,M,N
395,Miguel Thomas,Miguel,Thomas,M,N
396,Ed Muller,Ed,Muller,M,N
397,Ricky Aguirre,Ricky,Aguirre,M,N
398,Kenneth Rubio,Kenneth,Rubio,M,N
399,Ismael Mercer,Ismael,Mercer,M,N
400,Elvira Hunt,Elvira,Hunt,F,Y
401,Jennie Dodson,Jennie,Dodson,F,Y
402,Emily Herman,Emily,Herman,F,N
403,Tracey Blair,Tracey,Blair,F,N
404,Jeanette Nelson,Jeanette,Nelson,F,N
405,Heidi Lambert,Heidi,Lambert,F,N
406,Arlene Kelly,Arlene,Kelly,F,N
407,Patti Newton,Patti,Newton,F,N
408,Della Burnett,Della,Burnett,F,N
409,Beatrice Fuller,Beatrice,Fuller,F,N
410,Mabel Castaneda,Mabel,Castaneda,F,N
411,Tiffany Jacobs,Tiffany,Jacobs,F,N
412,Denise Johnston,Denise,Johnston,F,N
413,Josefina Winter,Josefina,Winter,F,N
414,Erika Hawkins,Erika,Hawkins,F,N
415,Lorena Caldwell,Lorena,Caldwell,F,N
416,Nell Santos,Nell,Santos,F,N
417,Whitney Love,Whitney,Love,F,N
418,Tara Merritt,Tara,Merritt,F,N
419,Amelia Spears,Amelia,Spears,F,N
420,Stephanie Kemp,Stephanie,Kemp,F,N
421,Alicia Lindsey,Alicia,Lindsey,F,N
422,Vanessa Charles,Vanessa,Charles,F,N
423,Jasmine Kaiser,Jasmine,Kaiser,F,N
424,Rhonda Robertson,Rhonda,Robertson,F,N
425,Young Mercado,Young,Mercado,F,N
426,Cecilia Rivas,Cecilia,Rivas,F,N
427,Linda Kuhn,Linda,Kuhn,F,N
428,Tracy Roberson,Tracy,Roberson,F,N
429,Grace Barr,Grace,Barr,F,N
430,Brooke Hendricks,Brooke,Hendricks,F,N
431,Andrea Knowles,Andrea,Knowles,F,N
432,Ann Pierce,Ann,Pierce,F,N
433,Katrina Malone,Katrina,Malone,F,N
434,Norma Waller,Norma,Waller,F,N
435,Emma Alexander,Emma,Alexander,F,N
436,Leigh Rodgers,Leigh,Rodgers,F,N
437,Veronica Daniel,Veronica,Daniel,F,N
438,Myra Carrillo,Myra,Carrillo,F,N
439,Anna Frederick,Anna,Frederick,F,N
440,Pearl Day,Pearl,Day,F,N
441,Jayne Hatfield,Jayne,Hatfield,F,N
442,Flora Stone,Flora,Stone,F,N
443,Hilda Vega,Hilda,Vega,F,N
444,Marlene Villarreal,Marlene,Villarreal,F,N
445,Sheila Perkins,Sheila,Perkins,F,N
446,Gabriela Warren,Gabriela,Warren,F,N
447,Fran Haley,Fran,Haley,F,N
448,Susan Root,Susan,Root,F,N
449,Lynda Case,Lynda,Case,F,N
450,Kara Walker,Kara,Walker,F,N
451,Tanya Barlow,Tanya,Barlow,F,N
452,Kay Marshall,Kay,Marshall,F,N
453,Myrtle Dow,Myrtle,Dow,F,N
454,Ella Christensen,Ella,Christensen,F,N
455,Carmen Potts,Carmen,Potts,F,N
456,Patty Freeman,Patty,Freeman,F,N
457,Monica Young,Monica,Young,F,N
458,Abigail Sexton,Abigail,Sexton,F,N
459,Mercedes Finn,Mercedes,Finn,F,N
460,Juanita Mejia,Juanita,Mejia,F,N
461,Colleen Wang,Colleen,Wang,F,N
462,Rose Chamberlain,Rose,Chamberlain,F,N
463,Jeannie Franklin,Jeannie,Franklin,F,N
464,Diana Navarro,Diana,Navarro,F,N
465,Christy Macias,Christy,Macias,F,N
466,Molly McKinney,Molly,McKinney,F,N
467,Margaret Stout,Margaret,Stout,F,N
468,Polly Parsons,Polly,Parsons,F,N
469,Brittany Bond,Brittany,Bond,F,N
470,Ann Knox,Ann,Knox,F,N
471,Marina Snow,Marina,Snow,F,N
472,Denise Stone,Denise,Stone,F,N
473,Cecelia Steele,Cecelia,Steele,F,N
474,Patrica Long,Patrica,Long,F,N
475,Jill Pollard,Jill,Pollard,F,N
476,Lisa Washington,Lisa,Washington,F,N
477,Brandi Roach,Brandi,Roach,F,N
478,Rosario Mullins,Rosario,Mullins,F,N
479,Celia Hansen,Celia,Hansen,F,N
480,Carla Snyder,Carla,Snyder,F,N
481,Gwendolyn Lee,Gwendolyn,Lee,F,N
482,Delores Mack,Delores,Mack,F,N
483,Alice McCann,Alice,McCann,F,N
484,Mandy Gilbert,Mandy,Gilbert,F,N
485,Matthew Schwartz,Matthew,Schwartz,F,N
